{"reward_model_0": {"min": -0.5162227153778076, "max": 0.8458725214004517}, "reward_model_1": {"min": -0.4496542811393738, "max": 0.7859935760498047}, "reward_model_2": {"min": -0.5037003755569458, "max": 0.7551345229148865}, "reward_model_3": {"min": -0.578339159488678, "max": 0.7243775129318237}, "reward_model_4": {"min": -0.5756173133850098, "max": 0.7611719965934753}}